database,prodcode,term,group
A,88541000033116,atrovent 20micrograms/dose autohaler (boehringer ingelheim ltd),sama
A,88241000033118,atrovent 20micrograms/dose inhaler (boehringer ingelheim ltd),sama
A,3075541000033113,atrovent 20micrograms/dose inhaler cfc free (boehringer ingelheim ltd),sama
A,88341000033111,atrovent 40microgram aerocaps (boehringer ingelheim ltd),sama
A,88441000033117,atrovent 40microgram aerocaps with aerohaler (boehringer ingelheim ltd),sama
A,89441000033110,atrovent forte 40micrograms/dose inhaler (boehringer ingelheim ltd),sama
A,772841000033113,ipratropium bromide 20micrograms/dose breath actuated inhaler,sama
A,772641000033112,ipratropium bromide 20micrograms/dose inhaler,sama
A,3075441000033112,ipratropium bromide 20micrograms/dose inhaler cfc free,sama
A,772941000033117,ipratropium bromide 40microgram inhalation powder capsules,sama
A,773041000033110,ipratropium bromide 40microgram inhalation powder capsules with device,sama
A,772541000033111,ipratropium bromide 40micrograms/dose inhaler,sama
A,1714241000033112,airomir 100micrograms/dose autohaler (teva uk ltd),saba
A,22741000033118,airomir 100micrograms/dose inhaler (teva uk ltd),saba
A,8491641000033114,airsalb 100micrograms/dose inhaler cfc free (sandoz ltd),saba
A,158441000033117,bricanyl 250micrograms/dose inhaler (astrazeneca uk ltd),saba
A,160941000033118,bricanyl 250micrograms/dose spacer inhaler (astrazeneca uk ltd),saba
A,163641000033116,bricanyl 500micrograms/dose turbohaler (astrazeneca uk ltd),saba
A,160241000033110,bricanyl refill canister 250 micrograms/puff,saba
A,1579541000033118,bricanyl turbohaler breath-actuated dry powder inhaler 500 micrograms/dose,saba
A,330241000033113,combivent inhaler (boehringer ingelheim ltd),saba
A,3198541000033119,easyhaler salbutamol sulfate 100micrograms/dose dry powder inhaler (orion pharma (uk) ltd),saba
A,3198641000033118,easyhaler salbutamol sulfate 200micrograms/dose dry powder inhaler (orion pharma (uk) ltd),saba
A,4499041000033118,novolizer salbulin inhalation cartridge + device 100 micrograms/dose,saba
A,4499141000033119,novolizer salbulin inhalation cartridge refill 100 micrograms/dose,saba
A,2622741000033114,pulvinal salbutamol 200micrograms/dose dry powder inhaler (chiesi ltd),saba
A,2588241000033119,salamol 100micrograms/dose easi-breathe inhaler (teva uk ltd),saba
A,2086541000033119,salamol 100micrograms/dose inhaler cfc free (teva uk ltd),saba
A,1221341000033118,salamol easi-breathe breath-actuated inhaler 100 micrograms/puff,saba
A,1241241000033114,salamol inhaler 100 micrograms/puff,saba
A,1241341000033116,salbulin 100micrograms/dose inhaler (3m health care ltd),saba
A,1768141000033111,salbulin cfc-free inhaler 100 micrograms/puff,saba
A,5393141000033116,salbulin novolizer 100micrograms/dose inhalation powder (mylan),saba
A,5393241000033111,salbulin novolizer 100micrograms/dose inhalation powder refill (mylan),saba
A,3163441000033113,salbutamol 100micrograms/dose / ipratropium 20micrograms/dose inhaler,saba
A,1221441000033112,salbutamol 100micrograms/dose breath actuated inhaler,saba
A,1751341000033111,salbutamol 100micrograms/dose breath actuated inhaler cfc free,saba
A,4498941000033110,salbutamol 100micrograms/dose dry powder inhalation cartridge,saba
A,4498841000033119,salbutamol 100micrograms/dose dry powder inhalation cartridge with device,saba
A,3343941000033118,salbutamol 100micrograms/dose dry powder inhaler,saba
A,1241441000033110,salbutamol 100micrograms/dose inhaler,saba
A,1222341000033110,salbutamol 100micrograms/dose inhaler cfc free,saba
A,3163541000033114,salbutamol 2.5mg/2.5ml / ipratropium bromide 500micrograms/2.5ml nebuliser liquid unit dose vials,saba
A,2726241000033113,salbutamol 200 cyclocaps (teva uk ltd),saba
A,1250141000033112,salbutamol 200microgram inhalation powder blisters,saba
A,1228841000033115,salbutamol 200microgram inhalation powder blisters with device,saba
A,1905641000033119,salbutamol 200microgram inhalation powder capsules,saba
A,1907541000033112,salbutamol 200micrograms/dose dry powder inhaler,saba
A,2726341000033115,salbutamol 400 cyclocaps (teva uk ltd),saba
A,1250241000033117,salbutamol 400microgram inhalation powder blisters,saba
A,1228941000033111,salbutamol 400microgram inhalation powder blisters with device,saba
A,1905741000033111,salbutamol 400microgram inhalation powder capsules,saba
A,2174141000033117,salbutamol 95micrograms/dose dry powder inhaler,saba
A,1206041000033115,salbutamol accuhaler 200 micrograms/dose,saba
A,1206241000033111,salbutamol aerosol inhalation 100 micrograms/metered inhalation,saba
A,1207741000033115,salbutamol autohaler 100 micrograms/puff,saba
A,2864041000033119,salbutamol breath actuated pressurised inhalation 100 micrograms/actuation,saba
A,2952141000033110,"salbutamol breath actuated pressurised inhalation, cfc-free 100 micrograms/actuation",saba
A,1221541000033113,salbutamol breath-actuated inhaler 95 micrograms/dose,saba
A,1228341000033112,salbutamol cyclocaps 200 micrograms,saba
A,1228441000033118,salbutamol cyclocaps 400 micrograms,saba
A,1913441000033115,salbutamol dry powder breath-actuated inhaler 200 micrograms,saba
A,1903141000033113,salbutamol dry powder breath-actuated inhaler 95 micrograms/dose,saba
A,1907341000033117,salbutamol dry powder disks + disk inhaler 200 micrograms,saba
A,1907441000033111,salbutamol dry powder disks + disk inhaler 400 micrograms,saba
A,1907641000033113,salbutamol dry powder for inhalation 400 micrograms/dose,saba
A,3344041000033116,"salbutamol dry powder inhaler 200 micrograms/actuation, 200 dose",saba
A,1241941000033117,salbutamol inhaler with vortex generating actuator 100 micrograms/dose,saba
A,1905441000033116,salbutamol insufflator type 4,saba
A,1252241000033118,salbutamol rotacaps 200 micrograms,saba
A,1252341000033111,salbutamol rotacaps 400 micrograms,saba
A,1252441000033117,salbutamol rotahaler 1,saba
A,1255041000033118,salbutamol spacehaler 100 micrograms/puff,saba
A,1419341000033114,terbutaline 250micrograms/dose inhaler,saba
A,1423441000033112,terbutaline 250micrograms/dose inhaler with spacer,saba
A,1699041000033114,terbutaline 500micrograms/dose dry powder inhaler,saba
A,1422541000033119,terbutaline sulfate refill canister 250 micrograms/puff,saba
A,1429441000033110,terbutaline sulfate turbohaler 500 micrograms/dose,saba
A,1705441000033110,ventolin 100micrograms/dose evohaler (glaxosmithkline uk ltd),saba
A,1510541000033116,ventolin 200microgram rotacaps (glaxosmithkline uk ltd),saba
A,1505741000033119,ventolin 200micrograms/dose accuhaler (glaxosmithkline uk ltd),saba
A,1510641000033115,ventolin 400microgram rotacaps (glaxosmithkline uk ltd),saba
A,1505941000033116,ventolin easi-breathe breath-actuated inhaler 100 micrograms/puff,saba
A,1508041000033110,ventolin inhaler 100 micrograms/puff,saba
A,1510741000033112,ventolin rotahaler (glaxosmithkline uk ltd),saba
A,8056941000033114,aclidinium bromide 375micrograms/dose dry powder inhaler,lama
A,9995641000033112,aclidinium bromide 396micrograms/dose / formoterol 11.8micrograms/dose dry powder inhaler,lama_laba
A,11789041000033118,braltus 10microgram inhalation powder capsules with zonda inhaler (teva uk ltd),lama
A,8057341000033112,eklira 322micrograms/dose genuair (astrazeneca uk ltd),lama
A,8141741000033112,glycopyrronium bromide 55microgram inhalation powder capsules with device,lama
A,9703641000033117,incruse ellipta 55micrograms/dose dry powder inhaler (glaxosmithkline uk ltd),lama
A,9851941000033115,indacaterol 85micrograms/dose / glycopyrronium bromide 54micrograms/dose inhalation powder capsules with device,lama_laba
A,8141841000033119,seebri breezhaler 44microgram inhalation powder capsules with device (novartis pharmaceuticals uk ltd),lama
A,2793841000033111,spiriva 18microgram inhalation powder capsules (boehringer ingelheim ltd),lama
A,2793741000033118,spiriva 18microgram inhalation powder capsules with handihaler (boehringer ingelheim ltd),lama
A,4270741000033115,spiriva respimat 2.5micrograms/dose inhalation solution cartridge with device (boehringer ingelheim ltd),lama
A,13178841000033113,spiriva respimat 2.5micrograms/dose inhalation solution refill cartridge (boehringer ingelheim ltd),lama
A,11788941000033110,tiotropium bromide 10microgram inhalation powder capsules with device,lama
A,2793641000033110,tiotropium bromide 18microgram inhalation powder capsules,lama
A,2793541000033114,tiotropium bromide 18microgram inhalation powder capsules with device,lama
A,13178541000033111,tiotropium bromide 2.5micrograms/dose / olodaterol 2.5micrograms/dose inhalation solution cartridge cfc free,lama_laba
A,10589141000033112,tiotropium bromide 2.5micrograms/dose / olodaterol 2.5micrograms/dose solution for inhalation cartridge with device cfc free,lama_laba
A,13178741000033115,tiotropium bromide 2.5micrograms/dose inhalation solution cartridge cfc free,lama
A,4270641000033112,tiotropium bromide 2.5micrograms/dose solution for inhalation cartridge with device cfc free,lama
A,9293341000033116,anoro ellipta 55micrograms/dose / 22micrograms/dose dry powder inhaler (glaxosmithkline uk ltd),lama_laba
A,3347141000033113,atimos modulite 12micrograms/dose inhaler (chiesi ltd),laba
A,9995741000033115,duaklir 340micrograms/dose / 12micrograms/dose genuair (astrazeneca uk ltd),lama_laba
A,3163841000033111,fluticasone 125micrograms/dose / salmeterol 25micrograms/dose inhaler cfc free,laba_ics
A,3163941000033115,fluticasone 250micrograms/dose / salmeterol 25micrograms/dose inhaler cfc free,laba_ics
A,3163741000033118,fluticasone 50micrograms/dose / salmeterol 25micrograms/dose inhaler cfc free,laba_ics
A,8946841000033112,fluticasone furoate 184micrograms/dose / vilanterol 22micrograms/dose dry powder inhaler,laba_ics
A,8946941000033116,fluticasone furoate 92micrograms/dose / vilanterol 22micrograms/dose dry powder inhaler,laba_ics
A,3164041000033118,fluticasone propionate 100micrograms/dose / salmeterol 50micrograms/dose dry powder inhaler,laba_ics
A,3164141000033119,fluticasone propionate 250micrograms/dose / salmeterol 50micrograms/dose dry powder inhaler,laba_ics
A,3164241000033114,fluticasone propionate 500micrograms/dose / salmeterol 50micrograms/dose dry powder inhaler,laba_ics
A,599641000033111,foradil 12microgram inhalation powder capsules with device (novartis pharmaceuticals uk ltd),laba
A,3089841000033115,formoterol 12microgram inhalation powder capsules with device,laba
A,3089741000033113,formoterol 12micrograms/dose dry powder inhaler,laba
A,3347041000033114,formoterol 12micrograms/dose inhaler cfc free,laba
A,3089641000033116,formoterol 6micrograms/dose dry powder inhaler,laba
A,4063341000033111,"formoterol dry powder inhaler 12 micrograms/actuation, 120 dose",laba
A,4063241000033118,"formoterol dry powder inhaler 12 micrograms/actuation, 60 dose",laba
A,4063541000033116,formoterol easyhaler 12micrograms/dose dry powder inhaler (orion pharma (uk) ltd),laba
A,5707041000033111,indacaterol 150microgram inhalation powder capsules with device,laba
A,5707141000033110,indacaterol 300microgram inhalation powder capsules with device,laba
A,6456541000033118,neovent 25micrograms/dose inhaler cfc free (kent pharmaceuticals ltd),laba
A,13178941000033117,olodaterol 2.5micrograms/dose inhalation solution cartridge cfc free,laba
A,9299341000033119,olodaterol 2.5micrograms/dose solution for inhalation cartridge with device cfc free,laba
A,5707241000033115,onbrez breezhaler 150microgram inhalation powder capsules with device (novartis pharmaceuticals uk ltd),laba
A,5707341000033113,onbrez breezhaler 300microgram inhalation powder capsules with device (novartis pharmaceuticals uk ltd),laba
A,1022341000033117,oxis 12 turbohaler (astrazeneca uk ltd),laba
A,1022441000033111,oxis 6 turbohaler (astrazeneca uk ltd),laba
A,5140041000033112,oxis turbuhaler 4.5 micrograms/dose,laba
A,5140141000033111,oxis turbuhaler 9 micrograms/dose,laba
A,1206341000033118,salmeterol 25micrograms/dose inhaler,laba
A,3855941000033115,salmeterol 25micrograms/dose inhaler cfc free,laba
A,1252041000033114,salmeterol 50microgram inhalation powder blisters,laba
A,1914241000033119,salmeterol 50microgram inhalation powder blisters with device,laba
A,1914141000033114,salmeterol 50micrograms/dose dry powder inhaler,laba
A,1205941000033113,salmeterol xinafoate accuhaler 50 micrograms/dose,laba
A,1228741000033113,salmeterol xinafoate disks with diskhaler 50 micrograms/blister,laba
A,3856041000033113,serevent 25micrograms/dose evohaler (glaxosmithkline uk ltd),laba
A,1267641000033111,serevent 25micrograms/dose inhaler (glaxosmithkline uk ltd),laba
A,1272941000033113,serevent 50microgram disks (glaxosmithkline uk ltd),laba
A,1268941000033117,serevent 50microgram disks with diskhaler (glaxosmithkline uk ltd),laba
A,1267441000033114,serevent 50micrograms/dose accuhaler (glaxosmithkline uk ltd),laba
A,11782841000033117,soltel 25micrograms/dose inhaler cfc free (cipla eu ltd),laba
A,10589241000033117,spiolto respimat 2.5micrograms/dose / 2.5micrograms/dose inhalation solution cartridge with device (boehringer ingelheim ltd),lama_laba
A,13178641000033112,spiolto respimat 2.5micrograms/dose / 2.5micrograms/dose inhalation solution refill cartridge (boehringer ingelheim ltd),lama_laba
A,9299441000033113,striverdi respimat 2.5micrograms/dose inhalation solution cartridge with device (boehringer ingelheim ltd),laba
A,13179041000033114,striverdi respimat 2.5micrograms/dose inhalation solution refill cartridge (boehringer ingelheim ltd),laba
A,9852041000033114,ultibro breezhaler 85microgram/43microgram inhalation powder capsules with device (novartis pharmaceuticals uk ltd),lama_laba
A,9293241000033114,umeclidinium bromide 65micrograms/dose / vilanterol 22micrograms/dose dry powder inhaler,lama_laba
A,8536141000033111,vertine 25micrograms/dose inhaler cfc free (teva uk ltd),laba
A,12197841000033113,airflusal 25micrograms/dose / 125micrograms/dose inhaler (sandoz ltd),laba_ics
A,12197941000033117,airflusal 25micrograms/dose / 250micrograms/dose inhaler (sandoz ltd),laba_ics
A,10715041000033111,airflusal forspiro 50micrograms/dose / 500micrograms/dose dry powder inhaler (sandoz ltd),laba_ics
A,12370841000033110,aloflute 25micrograms/dose / 125micrograms/dose inhaler (mylan),laba_ics
A,12370941000033119,aloflute 25micrograms/dose / 250micrograms/dose inhaler (mylan),laba_ics
A,4823341000033115,alvesco 160 inhaler (astrazeneca uk ltd),ics
A,3227641000033114,alvesco 80 inhaler (astrazeneca uk ltd),ics
A,3227741000033117,"alvesco cfc-free inhaler 160 micrograms/actuation, 120 doses",ics
A,3267741000033112,"alvesco cfc-free inhaler 160 micrograms/actuation, 60 doses",ics
A,5811441000033112,asmanex 200micrograms/dose twisthaler (merck sharp & dohme ltd),ics
A,5811541000033113,asmanex 400micrograms/dose twisthaler (merck sharp & dohme ltd),ics
A,2873041000033114,"asmanex twisthaler dry powder inhaler 200 micrograms/dose, 30 doses",ics
A,2873141000033113,"asmanex twisthaler dry powder inhaler 200 micrograms/dose, 60 doses",ics
A,2873241000033118,"asmanex twisthaler dry powder inhaler 400 micrograms/dose, 30 doses",ics
A,2873341000033111,"asmanex twisthaler dry powder inhaler 400 micrograms/dose, 60 doses",ics
A,2725541000033116,beclometasone 100 cyclocaps (teva uk ltd),ics
A,3081341000033111,beclometasone 100microgram inhalation powder blisters,ics
A,3081041000033114,beclometasone 100microgram inhalation powder blisters with device,ics
A,3082041000033116,beclometasone 100microgram inhalation powder capsules,ics
A,9531441000033113,beclometasone 100micrograms/dose / formoterol 6micrograms/dose dry powder inhaler,laba_ics
A,4418141000033112,beclometasone 100micrograms/dose / formoterol 6micrograms/dose inhaler cfc free,laba_ics
A,3080741000033119,beclometasone 100micrograms/dose breath actuated inhaler,ics
A,3083041000033113,beclometasone 100micrograms/dose breath actuated inhaler cfc free,ics
A,3082341000033119,beclometasone 100micrograms/dose dry powder inhaler,ics
A,3081741000033112,beclometasone 100micrograms/dose inhaler,ics
A,3082841000033111,beclometasone 100micrograms/dose inhaler cfc free,ics
A,2725641000033115,beclometasone 200 cyclocaps (teva uk ltd),ics
A,3081441000033117,beclometasone 200microgram inhalation powder blisters,ics
A,3081141000033113,beclometasone 200microgram inhalation powder blisters with device,ics
A,3082141000033117,beclometasone 200microgram inhalation powder capsules,ics
A,10735041000033115,beclometasone 200micrograms/dose / formoterol 6micrograms/dose dry powder inhaler,laba_ics
A,10740041000033111,beclometasone 200micrograms/dose / formoterol 6micrograms/dose inhaler cfc free,laba_ics
A,3082641000033110,beclometasone 200micrograms/dose dry powder inhaler,ics
A,3081641000033115,beclometasone 200micrograms/dose inhaler,ics
A,3942841000033114,beclometasone 200micrograms/dose inhaler cfc free,ics
A,3080541000033110,beclometasone 250micrograms/dose breath actuated inhaler,ics
A,3082441000033113,beclometasone 250micrograms/dose dry powder inhaler,ics
A,3080441000033114,beclometasone 250micrograms/dose inhaler,ics
A,3942941000033118,beclometasone 250micrograms/dose inhaler cfc free,ics
A,2725741000033112,beclometasone 400 cyclocaps (teva uk ltd),ics
A,3081541000033116,beclometasone 400microgram inhalation powder blisters,ics
A,3081241000033118,beclometasone 400microgram inhalation powder blisters with device,ics
A,3081941000033110,beclometasone 400microgram inhalation powder capsules,ics
A,3082541000033114,beclometasone 400micrograms/dose dry powder inhaler,ics
A,3080641000033111,beclometasone 50micrograms/dose breath actuated inhaler,ics
A,3082941000033115,beclometasone 50micrograms/dose breath actuated inhaler cfc free,ics
A,3082241000033112,beclometasone 50micrograms/dose dry powder inhaler,ics
A,3081841000033119,beclometasone 50micrograms/dose inhaler,ics
A,3082741000033118,beclometasone 50micrograms/dose inhaler cfc free,ics
A,5393341000033118,budelin novolizer 200micrograms/dose inhalation powder (mylan),ics
A,5393441000033112,budelin novolizer 200micrograms/dose inhalation powder refill (mylan),ics
A,3164341000033116,budesonide 100micrograms/dose / formoterol 6micrograms/dose dry powder inhaler,laba_ics
A,3871541000033110,budesonide 100micrograms/dose dry powder inhaler,ics
A,4815041000033111,budesonide 100micrograms/dose inhaler cfc free,ics
A,2726041000033117,budesonide 200 cyclocaps (teva uk ltd),ics
A,2725841000033119,budesonide 200microgram inhalation powder capsules,ics
A,3164441000033110,budesonide 200micrograms/dose / formoterol 6micrograms/dose dry powder inhaler,laba_ics
A,11707241000033115,budesonide 200micrograms/dose / formoterol 6micrograms/dose inhaler cfc free,laba_ics
A,3256341000033119,budesonide 200micrograms/dose dry powder inhalation cartridge,ics
A,3141341000033112,budesonide 200micrograms/dose dry powder inhalation cartridge with device,ics
A,3871641000033111,budesonide 200micrograms/dose dry powder inhaler,ics
A,163741000033113,budesonide 200micrograms/dose inhaler,ics
A,4815141000033110,budesonide 200micrograms/dose inhaler cfc free,ics
A,169341000033114,budesonide 3mg gastro-resistant modified-release capsules,ics
A,2726141000033118,budesonide 400 cyclocaps (teva uk ltd),ics
A,2725941000033110,budesonide 400microgram inhalation powder capsules,ics
A,3164541000033111,budesonide 400micrograms/dose / formoterol 12micrograms/dose dry powder inhaler,laba_ics
A,3871741000033119,budesonide 400micrograms/dose dry powder inhaler,ics
A,163841000033115,budesonide 50micrograms/dose inhaler,ics
A,1579841000033116,budesonide breath-actuated dry powder inhaler 100 micrograms/dose,ics
A,1579941000033112,budesonide breath-actuated dry powder inhaler 200 micrograms/dose,ics
A,1580041000033111,budesonide breath-actuated dry powder inhaler 400 micrograms/dose,ics
A,2798441000033118,budesonide inhaler with spacer device 200 micrograms/dose,ics
A,171241000033113,budesonide refill canister 200 micrograms/dose,ics
A,171341000033115,budesonide refill canister 50 micrograms/dose,ics
A,171741000033119,budesonide spacer inhaler 200 micrograms/dose,ics
A,171641000033111,budesonide spacer inhaler 50 micrograms/dose,ics
A,174641000033114,budesonide turbohaler 100 micrograms/dose,ics
A,174441000033112,budesonide turbohaler 200 micrograms/dose,ics
A,174541000033113,budesonide turbohaler 400 micrograms/dose,ics
A,4823241000033113,ciclesonide 160micrograms/dose inhaler cfc free,ics
A,3227441000033112,ciclesonide 80micrograms/dose inhaler cfc free,ics
A,3227541000033113,"ciclesonide cfc-free inhaler 160 micrograms/actuation, 120 doses",ics
A,3267641000033115,"ciclesonide cfc-free inhaler 160 micrograms/actuation, 60 doses",ics
A,3943341000033113,clenil modulite 100micrograms/dose inhaler (chiesi ltd),ics
A,3943441000033119,clenil modulite 200micrograms/dose inhaler (chiesi ltd),ics
A,3943641000033117,clenil modulite 250micrograms/dose inhaler (chiesi ltd),ics
A,3943041000033111,clenil modulite 50micrograms/dose inhaler (chiesi ltd),ics
A,12579441000033119,combisal 25micrograms/dose / 125micrograms/dose inhaler (aspire pharma ltd),laba_ics
A,12579541000033118,combisal 25micrograms/dose / 250micrograms/dose inhaler (aspire pharma ltd),laba_ics
A,12579341000033113,combisal 25micrograms/dose / 50micrograms/dose inhaler (aspire pharma ltd),laba_ics
A,9342741000033111,duoresp spiromax 160micrograms/dose / 4.5micrograms/dose dry powder inhaler (teva uk ltd),laba_ics
A,9342841000033118,duoresp spiromax 320micrograms/dose / 9micrograms/dose dry powder inhaler (teva uk ltd),laba_ics
A,3343041000033119,easyhaler beclometasone 200micrograms/dose dry powder inhaler (orion pharma (uk) ltd),ics
A,3871841000033112,easyhaler budesonide 100micrograms/dose dry powder inhaler (orion pharma (uk) ltd),ics
A,3871941000033116,easyhaler budesonide 200micrograms/dose dry powder inhaler (orion pharma (uk) ltd),ics
A,3872041000033110,easyhaler budesonide 400micrograms/dose dry powder inhaler (orion pharma (uk) ltd),ics
A,590841000033115,flixotide 100microgram disks (glaxosmithkline uk ltd),ics
A,581241000033110,flixotide 100microgram disks with diskhaler (glaxosmithkline uk ltd),ics
A,576741000033118,flixotide 100micrograms/dose accuhaler (glaxosmithkline uk ltd),ics
A,2067541000033118,flixotide 125micrograms/dose evohaler (glaxosmithkline uk ltd),ics
A,590941000033111,flixotide 250microgram disks (glaxosmithkline uk ltd),ics
A,581341000033117,flixotide 250microgram disks with diskhaler (glaxosmithkline uk ltd),ics
A,576841000033111,flixotide 250micrograms/dose accuhaler (glaxosmithkline uk ltd),ics
A,2067641000033117,flixotide 250micrograms/dose evohaler (glaxosmithkline uk ltd),ics
A,585741000033118,flixotide 25micrograms/dose inhaler (glaxosmithkline uk ltd),ics
A,591441000033110,flixotide 500microgram disks (glaxosmithkline uk ltd),ics
A,581841000033114,flixotide 500microgram disks with diskhaler (glaxosmithkline uk ltd),ics
A,577041000033119,flixotide 500micrograms/dose accuhaler (glaxosmithkline uk ltd),ics
A,591041000033118,flixotide 50microgram disks (glaxosmithkline uk ltd),ics
A,581441000033111,flixotide 50microgram disks with diskhaler (glaxosmithkline uk ltd),ics
A,576941000033115,flixotide 50micrograms/dose accuhaler (glaxosmithkline uk ltd),ics
A,2148541000033119,flixotide 50micrograms/dose evohaler (glaxosmithkline uk ltd),ics
A,585641000033110,flixotide inhaler 125 micrograms/puff,ics
A,586241000033117,flixotide inhaler 250 micrograms/puff,ics
A,585841000033111,flixotide inhaler 50 micrograms/puff,ics
A,12634941000033116,fluticasone 125micrograms/dose / formoterol 5micrograms/dose breath actuated inhaler cfc free,laba_ics
A,8101741000033115,fluticasone 125micrograms/dose / formoterol 5micrograms/dose inhaler cfc free,laba_ics
A,2067741000033114,fluticasone 125micrograms/dose inhaler cfc free,ics
A,8101841000033113,fluticasone 250micrograms/dose / formoterol 10micrograms/dose inhaler cfc free,laba_ics
A,2067841000033116,fluticasone 250micrograms/dose inhaler cfc free,ics
A,586041000033113,fluticasone 25micrograms/dose inhaler,ics
A,12635041000033116,fluticasone 50micrograms/dose / formoterol 5micrograms/dose breath actuated inhaler cfc free,laba_ics
A,8101641000033112,fluticasone 50micrograms/dose / formoterol 5micrograms/dose inhaler cfc free,laba_ics
A,2148441000033115,fluticasone 50micrograms/dose inhaler cfc free,ics
A,591141000033119,fluticasone propionate 100microgram inhalation powder blisters,ics
A,1914841000033115,fluticasone propionate 100microgram inhalation powder blisters with device,ics
A,1914441000033118,fluticasone propionate 100micrograms/dose dry powder inhaler,ics
A,591241000033114,fluticasone propionate 250microgram inhalation powder blisters,ics
A,1914941000033111,fluticasone propionate 250microgram inhalation powder blisters with device,ics
A,1914541000033117,fluticasone propionate 250micrograms/dose dry powder inhaler,ics
A,591541000033111,fluticasone propionate 500microgram inhalation powder blisters,ics
A,1915041000033111,fluticasone propionate 500microgram inhalation powder blisters with device,ics
A,1914641000033116,fluticasone propionate 500micrograms/dose dry powder inhaler,ics
A,591341000033116,fluticasone propionate 50microgram inhalation powder blisters,ics
A,1914741000033113,fluticasone propionate 50microgram inhalation powder blisters with device,ics
A,1914341000033112,fluticasone propionate 50micrograms/dose dry powder inhaler,ics
A,577141000033115,fluticasone propionate accuhaler 100 micrograms/dose,ics
A,577241000033110,fluticasone propionate accuhaler 250 micrograms/dose,ics
A,577341000033117,fluticasone propionate accuhaler 50 micrograms/dose,ics
A,577441000033111,fluticasone propionate accuhaler 500 micrograms/dose,ics
A,4164541000033114,"fluticasone propionate aqueous nasal spray 50 micrograms/dose, 60 doses",ics
A,581541000033112,fluticasone propionate disks with diskhaler 100 micrograms/dose,ics
A,581641000033113,fluticasone propionate disks with diskhaler 250 micrograms/dose,ics
A,581741000033116,fluticasone propionate disks with diskhaler 50 micrograms/dose,ics
A,581941000033118,fluticasone propionate disks with diskhaler 500 micrograms/puff,ics
A,585941000033115,fluticasone propionate inhaler 125 micrograms/puff,ics
A,586341000033110,fluticasone propionate inhaler 250 micrograms/puff,ics
A,586141000033112,fluticasone propionate inhaler 50 micrograms/puff,ics
A,8102041000033111,flutiform 125micrograms/dose / 5micrograms/dose inhaler (napp pharmaceuticals ltd),laba_ics
A,8102141000033110,flutiform 250micrograms/dose / 10micrograms/dose inhaler (napp pharmaceuticals ltd),laba_ics
A,8101941000033117,flutiform 50micrograms/dose / 5micrograms/dose inhaler (napp pharmaceuticals ltd),laba_ics
A,12635141000033117,flutiform k-haler 125micrograms/dose / 5micrograms/dose breath actuated inhaler (napp pharmaceuticals ltd),laba_ics
A,12635241000033112,flutiform k-haler 50micrograms/dose / 5micrograms/dose breath actuated inhaler (napp pharmaceuticals ltd),laba_ics
A,12430741000033111,fobumix easyhaler 160micrograms/dose / 4.5micrograms/dose dry powder inhaler (orion pharma (uk) ltd),laba_ics
A,12403741000033110,fobumix easyhaler 320micrograms/dose / 9micrograms/dose dry powder inhaler (orion pharma (uk) ltd),laba_ics
A,12434441000033111,fobumix easyhaler 80micrograms/dose / 4.5micrograms/dose dry powder inhaler (orion pharma (uk) ltd),laba_ics
A,4418241000033117,fostair 100micrograms/dose / 6micrograms/dose inhaler (chiesi ltd),laba_ics
A,10740141000033110,fostair 200micrograms/dose / 6micrograms/dose inhaler (chiesi ltd),laba_ics
A,9537441000033115,fostair nexthaler 100micrograms/dose / 6micrograms/dose dry powder inhaler (chiesi ltd),laba_ics
A,10735141000033116,fostair nexthaler 200micrograms/dose / 6micrograms/dose dry powder inhaler (chiesi ltd),laba_ics
A,12529241000033119,fusacomb easyhaler 50micrograms/dose / 250micrograms/dose dry powder inhaler (orion pharma (uk) ltd),laba_ics
A,12529341000033112,fusacomb easyhaler 50micrograms/dose / 500micrograms/dose dry powder inhaler (orion pharma (uk) ltd),laba_ics
A,12530441000033112,kelhale 100micrograms/dose inhaler (cipla eu ltd),ics
A,12530541000033113,kelhale 50micrograms/dose inhaler (cipla eu ltd),ics
A,5811241000033111,mometasone 200micrograms/dose dry powder inhaler,ics
A,5811341000033118,mometasone 400micrograms/dose dry powder inhaler,ics
A,2872641000033111,"mometasone furoate dry powder inhaler 200 micrograms/dose, 30 doses",ics
A,2872841000033112,"mometasone furoate dry powder inhaler 200 micrograms/dose, 60 doses",ics
A,2872941000033116,"mometasone furoate dry powder inhaler 400 micrograms/dose, 30 doses",ics
A,2872741000033119,"mometasone furoate dry powder inhaler 400 micrograms/dose, 60 doses",ics
A,3141441000033118,"novolizer budesonide inhalation cartridge + device 200 micrograms/dose, 100 doses",ics
A,3256441000033113,"novolizer budesonide inhalation cartridge refill 200 micrograms/dose, 100 doses",ics
A,1145341000033116,pulmicort 100 turbohaler (astrazeneca uk ltd),ics
A,4815241000033115,pulmicort 100micrograms/dose inhaler cfc free (astrazeneca uk ltd),ics
A,1145141000033119,pulmicort 200 turbohaler (astrazeneca uk ltd),ics
A,1143041000033117,pulmicort 200micrograms/dose inhaler (astrazeneca uk ltd),ics
A,4815341000033113,pulmicort 200micrograms/dose inhaler cfc free (astrazeneca uk ltd),ics
A,2798341000033112,pulmicort 200micrograms/dose inhaler with nebuchamber (astrazeneca uk ltd),ics
A,1145241000033114,pulmicort 400 turbohaler (astrazeneca uk ltd),ics
A,1143141000033118,pulmicort ls 50micrograms/dose inhaler (astrazeneca uk ltd),ics
A,1144341000033117,pulmicort ls refill canister 50 micrograms/dose,ics
A,1144241000033110,pulmicort refill canister 200 micrograms/dose,ics
A,1144841000033114,pulmicort spacer inhaler 200 micrograms/dose,ics
A,1144941000033118,pulmicort spacer inhaler 50 micrograms/dose,ics
A,1670741000033111,pulmicort turbohaler breath-actuated dry powder inhaler 100 micrograms/dose,ics
A,1670841000033118,pulmicort turbohaler breath-actuated dry powder inhaler 200 micrograms/dose,ics
A,1670941000033114,pulmicort turbohaler breath-actuated dry powder inhaler 400 micrograms/dose,ics
A,2623141000033115,pulvinal beclometasone dipropionate 100micrograms/dose dry powder inhaler (chiesi ltd),ics
A,2623241000033110,pulvinal beclometasone dipropionate 200micrograms/dose dry powder inhaler (chiesi ltd),ics
A,2623341000033117,pulvinal beclometasone dipropionate 400micrograms/dose dry powder inhaler (chiesi ltd),ics
A,1671341000033119,qvar 100 autohaler (teva uk ltd),ics
A,1671141000033117,qvar 100 inhaler (teva uk ltd),ics
A,3199341000033119,qvar 100micrograms/dose easi-breathe inhaler (teva uk ltd),ics
A,1671241000033112,qvar 50 autohaler (teva uk ltd),ics
A,1671041000033116,qvar 50 inhaler (teva uk ltd),ics
A,3199241000033112,qvar 50micrograms/dose easi-breathe inhaler (teva uk ltd),ics
A,8947041000033115,relvar ellipta 184micrograms/dose / 22micrograms/dose dry powder inhaler (glaxosmithkline uk ltd),laba_ics
A,8947141000033116,relvar ellipta 92micrograms/dose / 22micrograms/dose dry powder inhaler (glaxosmithkline uk ltd),laba_ics
A,12046641000033114,sereflo 25micrograms/dose / 125micrograms/dose inhaler (cipla eu ltd),laba_ics
A,12046741000033117,sereflo 25micrograms/dose / 250micrograms/dose inhaler (cipla eu ltd),laba_ics
A,1752141000033117,seretide 100 accuhaler (glaxosmithkline uk ltd),laba_ics
A,2147341000033110,seretide 125 evohaler (glaxosmithkline uk ltd),laba_ics
A,1752241000033112,seretide 250 accuhaler (glaxosmithkline uk ltd),laba_ics
A,2147441000033116,seretide 250 evohaler (glaxosmithkline uk ltd),laba_ics
A,2147241000033117,seretide 50 evohaler (glaxosmithkline uk ltd),laba_ics
A,1752341000033119,seretide 500 accuhaler (glaxosmithkline uk ltd),laba_ics
A,10387141000033115,sirdupla 25micrograms/dose / 125micrograms/dose inhaler (mylan),laba_ics
A,10387241000033110,sirdupla 25micrograms/dose / 250micrograms/dose inhaler (mylan),laba_ics
A,12901441000033118,soprobec 100micrograms/dose inhaler (glenmark pharmaceuticals europe ltd),ics
A,12901541000033117,soprobec 200micrograms/dose inhaler (glenmark pharmaceuticals europe ltd),ics
A,12901641000033116,soprobec 250micrograms/dose inhaler (glenmark pharmaceuticals europe ltd),ics
A,12901341000033112,soprobec 50micrograms/dose inhaler (glenmark pharmaceuticals europe ltd),ics
A,12901741000033113,stalpex 50micrograms/dose / 500micrograms/dose dry powder inhaler (glenmark pharmaceuticals europe ltd),laba_ics
A,2587541000033118,symbicort 100/6 turbohaler (astrazeneca uk ltd),laba_ics
A,2587641000033117,symbicort 200/6 turbohaler (astrazeneca uk ltd),laba_ics
A,11707341000033113,symbicort 200micrograms/dose / 6micrograms/dose pressurised inhaler (astrazeneca uk ltd),laba_ics
A,2905641000033115,symbicort 400/12 turbohaler (astrazeneca uk ltd),laba_ics
A,5140741000033110,symbicort turbuhaler 160/4.5 micrograms/dose,laba_ics
A,8028941000033114,symbicort turbuhaler 320/9 micrograms/dose,laba_ics
A,5140541000033119,symbicort turbuhaler 80/4.5 micrograms/dose,laba_ics
A,12431141000033117,trelegy ellipta 92micrograms/dose / 55micrograms/dose / 22micrograms/dose dry powder inhaler (glaxosmithkline uk ltd),triple
A,12364641000033110,trimbow 87micrograms/dose / 5micrograms/dose / 9micrograms/dose inhaler (chiesi ltd),triple
A,2509441000033112,*prednisolone granules,ocs
A,2509541000033113,*prednisolone liquid,ocs
A,2509741000033117,*prednisolone pills (sucrose),ocs
A,2509641000033114,*prednisolone powder,ocs
A,2509341000033118,*prednisolone tablets,ocs
A,429141000033119,decortisyl tablets 5 mg,ocs
A,431541000033114,deltacortril 2.5mg gastro-resistant tablets (alliance pharmaceuticals ltd),ocs
A,431641000033110,deltacortril 5mg gastro-resistant tablets (alliance pharmaceuticals ltd),ocs
A,429441000033110,deltastab tablets 1 mg,ocs
A,429541000033111,deltastab tablets 5 mg,ocs
A,8494441000033110,dilacort 2.5mg gastro-resistant tablets (crescent pharma ltd),ocs
A,8494541000033111,dilacort 5mg gastro-resistant tablets (crescent pharma ltd),ocs
A,10212641000033118,pevanti 10mg tablets (advanz pharma),ocs
A,10212441000033115,pevanti 2.5mg tablets (advanz pharma),ocs
A,10212741000033110,pevanti 20mg tablets (advanz pharma),ocs
A,10212941000033113,pevanti 25mg tablets (advanz pharma),ocs
A,10212541000033119,pevanti 5mg tablets (advanz pharma),ocs
A,10212141000033111,prednisolone 10mg tablets,ocs
A,10494341000033117,prednisolone 10mg/ml oral solution sugar free,ocs
A,9119141000033118,prednisolone 15mg/5ml oral solution,ocs
A,11507841000033115,prednisolone 1mg gastro-resistant tablets,ocs
A,1131741000033117,prednisolone 1mg tablets,ocs
A,1114241000033116,prednisolone 2.5mg gastro-resistant tablets,ocs
A,1131841000033110,prednisolone 2.5mg tablets,ocs
A,10212341000033114,prednisolone 20mg tablets,ocs
A,1130741000033110,prednisolone 25mg tablets,ocs
A,11664841000033116,prednisolone 30mg tablets,ocs
A,1114341000033114,prednisolone 5mg gastro-resistant tablets,ocs
A,1127341000033111,prednisolone 5mg soluble tablets,ocs
A,1131941000033119,prednisolone 5mg tablets,ocs
A,10266841000033117,prednisolone 5mg/5ml oral solution unit dose,ocs
A,1130841000033117,prednisolone steaglate tablets 6.65 mg,ocs
A,5990141000033115,prednisone 1mg modified-release tablets,ocs
A,5990241000033110,prednisone 2mg modified-release tablets,ocs
A,5990341000033117,prednisone 5mg modified-release tablets,ocs
A,1132041000033113,prednisone tablets 1 mg,ocs
A,1132141000033112,prednisone tablets 5 mg,ocs
G,8,salbutamol 100micrograms/dose inhaler,saba
G,17,salbutamol 100micrograms/dose inhaler cfc free,saba
G,31,ventolin 100microgram/inhalation inhalation powder (glaxo wellcome uk ltd),saba
G,38,beclometasone 100micrograms/dose inhaler,ics
G,99,becotide 100 inhaler (glaxosmithkline uk ltd),ics
G,218,aminophylline 100 mg cap,saba
G,235,bricanyl 250micrograms/dose inhaler (astrazeneca uk ltd),saba
G,273,theophylline 200 mg cap,saba
G,282,salbutamol 2mg/5ml oral solution sugar free,saba
G,454,pulmicort 200microgram inhaler (astrazeneca uk ltd),ics
G,465,salmeterol 25micrograms/dose inhaler,laba
G,510,ventolin 5mg/ml respirator solution (glaxosmithkline uk ltd),saba
G,549,serevent 25micrograms/dose inhaler (glaxosmithkline uk ltd),laba
G,555,aminophylline 225mg modified-release tablets,saba
G,590,phyllocontin continus 225mg tablets (napp pharmaceuticals ltd),saba
G,638,seretide 250 accuhaler (glaxosmithkline uk ltd),laba
G,665,seretide 100 accuhaler (glaxosmithkline uk ltd),laba
G,674,ventolin 2.5mg nebules (glaxosmithkline uk ltd),saba
G,696,salbutamol 8mg modified-release capsules,saba
G,719,salmeterol 50micrograms/dose dry powder inhaler,laba
G,746,tiotropium 18 microgram capsule,lama
G,752,carbocisteine 375mg capsules,other
G,856,ventolin 2mg/5ml syrup (glaxosmithkline uk ltd),saba
G,860,salbutamol 4mg tablets,saba
G,862,salbulin inhalation powder (3m health care ltd),saba
G,863,slo-phyllin 125mg capsule (lipha pharmaceuticals ltd),saba
G,879,theophylline 125mg modified-release capsules,saba
G,880,theophylline 60mg modified-release capsules,saba
G,881,salbutamol 2mg tablets,saba
G,882,salbutamol 200microgram inhalation powder capsules,saba
G,883,becodisks 200microgram disc (allen & hanburys ltd),ics
G,895,beclazone 100 easi-breathe inhaler (teva uk ltd),ics
G,896,becotide easi-breathe 100microgram/actuation pressurised inhalation (allen &hanburys ltd),ics
G,898,ventolin evohaler 100 100microgram/inhalation pressurised inhalation (glaxowellcome uk ltd),saba
G,907,bricanyl turbohaler 500 500microgram turbohaler (astrazeneca uk ltd),saba
G,908,pulmicort 400 turbohaler (astrazeneca uk ltd),ics
G,909,budesonide 200micrograms/dose inhaler,ics
G,910,serevent diskhaler 50microgram inhalation powder (glaxo wellcome uk ltd),laba
G,911,flixotide accuhaler 250 250microgram/inhalation inhalation powder (allen & hanburysltd),ics
G,947,budesonide 50micrograms/actuation refill canister,ics
G,956,pulmicort 200 turbohaler (astrazeneca uk ltd),ics
G,957,salamol easi-breathe 100microgram/actuation pressurised inhalation (ivaxpharmaceuticals uk ltd),saba
G,958,ventolin easi-breathe 100microgram/actuation pressurised inhalation (allen &hanburys ltd),saba
G,959,budesonide 50micrograms/dose inhaler,ics
G,960,pulmicort 100 turbohaler (astrazeneca uk ltd),ics
G,987,ventolin 4mg tablet (allen & hanburys ltd),saba
G,1093,salamol 100microgram/actuation inhalation powder (ivax pharmaceuticals uk ltd),saba
G,1097,slo-phyllin 60mg capsule (lipha pharmaceuticals ltd),saba
G,1100,beclazone 100 inhaler (teva uk ltd),ics
G,1236,becloforte 250micrograms/dose inhaler (glaxosmithkline uk ltd),ics
G,1242,beclometasone 250micrograms/dose inhaler,ics
G,1243,beclazone 250 easi-breathe inhaler (teva uk ltd),ics
G,1258,becotide 200 inhaler (glaxosmithkline uk ltd),ics
G,1259,beclometasone 200micrograms/dose inhaler,ics
G,1269,becotide 50microgram/ml nebuliser liquid (allen & hanburys ltd),ics
G,1346,salbutamol 0.05mg/ml injection,saba
G,1406,becotide 50 inhaler (glaxosmithkline uk ltd),ics
G,1409,ipratropium bromide 20micrograms/dose inhaler,sama
G,1410,ipratropium bromide 0.25mg/ml,sama
G,1411,ipratropium bromide 250micrograms/ml,sama
G,1412,flixotide 250microgram/actuation inhalation powder (allen & hanburys ltd),ics
G,1414,salamol 5mg/2.5ml nebuliser liquid steri-neb unit dose vials (teva uk ltd),saba
G,1415,steri-neb ipratropium 250microgram/ml nebuliser liquid (ivax pharmaceuticals uk ltd),sama
G,1423,uniphyllin continus 200mg tablets (napp pharmaceuticals ltd),saba
G,1424,flixotide 250microgram disc (allen & hanburys ltd),ics
G,1426,flixotide 500microgram disc (allen & hanburys ltd),ics
G,1518,flixotide 50microgram/actuation inhalation powder (allen & hanburys ltd),ics
G,1537,becotide 200microgram rotacaps (glaxosmithkline uk ltd),ics
G,1551,beclazone 250 inhaler (teva uk ltd),ics
G,1552,becloforte easi-breathe 250microgram/actuation pressurised inhalation (allen &hanburys ltd),ics
G,1619,terbutaline 500micrograms/dose dry powder inhaler,saba
G,1620,terbutaline 250micrograms/dose inhaler,saba
G,1628,terbutaline 250micrograms/actuation refill canister,saba
G,1630,salbutamol 2.5mg/2.5ml nebuliser liquid unit dose vials,saba
G,1635,salbuvent 2mg/5ml oral solution (pharmacia ltd),saba
G,1642,budesonide 400micrograms/dose dry powder inhaler,ics
G,1676,flixotide 125microgram/actuation inhalation powder (allen & hanburys ltd),ics
G,1680,pulmicort ls 50micrograms/dose inhaler (astrazeneca uk ltd),ics
G,1698,salbutamol 100micrograms/dose breath actuated inhaler,saba
G,1711,salbutamol 5mg/2.5ml nebuliser liquid unit dose vials,saba
G,1725,beclazone 50 easi-breathe inhaler (teva uk ltd),ics
G,1727,becotide easi-breathe 50microgram/actuation pressurised inhalation (allen &hanburys ltd),ics
G,1734,beclometasone 100micrograms/dose breath actuated inhaler,ics
G,1741,salbutamol 100micrograms/dose breath actuated inhaler cfc free,saba
G,1833,theophylline 200mg modified-release tablets,saba
G,1834,theophylline 400mg modified-release tablets,saba
G,1861,aerobec 100 autohaler (meda pharmaceuticals ltd),ics
G,1882,ventodisks 200microgram/blister disc (allen & hanburys ltd),saba
G,1885,beclazone 200 inhaler (teva uk ltd),ics
G,1950,ventodisks 400microgram/blister disc (allen & hanburys ltd),saba
G,1951,becodisks 400microgram disc (allen & hanburys ltd),ics
G,1952,ventolin 400microgram rotacaps (glaxosmithkline uk ltd),saba
G,1956,pulmicort 1mg respules (astrazeneca uk ltd),ics
G,1957,ventolin 5mg nebules (glaxosmithkline uk ltd),saba
G,1959,pulmicort 0.5mg respules (astrazeneca uk ltd),ics
G,1972,oxygen bp size af lightweight gas 1360 litres,other
G,1974,oxis 12 turbohaler (astrazeneca uk ltd),laba
G,1975,oxis 6 turbohaler (astrazeneca uk ltd),laba
G,2044,prednisone 2.5 mg tab,ocs
G,2092,budesonide 200micrograms/dose dry powder inhaler,ics
G,2124,pulmicort refil 200 mcg inh,ics
G,2125,pulmicort 200microgram refill canister (astrazeneca uk ltd),ics
G,2147,theophylline 250mg modified-release capsules,saba
G,2148,beclometasone 400microgram disc,ics
G,2149,steri-neb salamol 2.5 mg inh,saba
G,2152,ipratropium bromide with salbutamol 20mcg + 100mcg,saba
G,2159,aerobec 50 autohaler (meda pharmaceuticals ltd),ics
G,2160,beclometasone 50micrograms/dose breath actuated inhaler,ics
G,2224,serevent 50micrograms/dose accuhaler (glaxosmithkline uk ltd),laba
G,2229,becodisks 100microgram disc (allen & hanburys ltd),ics
G,2282,fluticasone 500micrograms/dose dry powder inhaler,ics
G,2335,qvar 100 inhaler (teva uk ltd),ics
G,2368,prednisolone 2.5mg tablet,ocs
G,2390,prednisolone e/c 1 mg tab,ocs
G,2395,salbutamol 2 mg/5ml syr,saba
G,2437,oxitropium bromide 100micrograms/dose inhaler,sama
G,2440,flixotide accuhaler 500 500microgram/inhalation inhalation powder (allen & hanburysltd),ics
G,2510,oxygen bp gas 1280 litres,other
G,2600,beclometasone 250micrograms/dose breath actuated inhaler,ics
G,2655,airomir 100micrograms/dose inhaler (teva uk ltd),saba
G,2723,fluticasone 25micrograms/dose inhaler,ics
G,2757,slo-phyllin 250mg capsule (lipha pharmaceuticals ltd),saba
G,2758,bricanyl refill canister (astrazeneca uk ltd),saba
G,2799,prednisolone 10 mg tab,ocs
G,2850,salbutamol 400microgram inhalation powder capsules,saba
G,2851,ventolin 200microgram rotacaps (glaxosmithkline uk ltd),saba
G,2869,salbutamol 8mg modified-release tablets,saba
G,2892,becloforte 400microgram disks (glaxosmithkline uk ltd),ics
G,2893,beclometasone 200micrograms disc,ics
G,2949,prednisone 5mg tablets,ocs
G,2951,fluticasone 250microgram/actuation pressurised inhalation,ics
G,2978,salbutamol 200micrograms/dose dry powder inhaler,saba
G,2992,beclazone 50 inhaler (teva uk ltd),ics
G,2995,nuelin sa 175mg tablets (meda pharmaceuticals ltd),saba
G,3018,beclometasone 50micrograms/dose inhaler,ics
G,3059,prednisolone 50 mg tab,ocs
G,3065,bextasol inhalation powder (allen & hanburys ltd),ics
G,3075,becotide 400microgram rotacaps (glaxosmithkline uk ltd),ics
G,3119,becloforte integra 250microgram/actuation inhaler with compact spacer (glaxolaboratories ltd),ics
G,3150,beclometasone 100micrograms/actuation extrafine particle cfc free inhaler,ics
G,3163,salbutamol 200micrograms disc,saba
G,3188,pulmicort complete 50 mcg inh,ics
G,3189,salbuvent inh inh,saba
G,3220,qvar 50 autohaler (teva uk ltd),ics
G,3254,salbulin 4mg tablet (3m health care ltd),saba
G,3289,flixotide 25micrograms/dose inhaler (glaxosmithkline uk ltd),ics
G,3297,salmeterol 50micrograms disc,laba
G,3322,aerolin inh 400 100 mcg aer,saba
G,3345,sintisone tablet (pharmacia ltd),ics
G,3347,oxygen bp size f gas 1360 litres,other
G,3363,becloforte 400microgram disks with diskhaler (glaxosmithkline uk ltd),ics
G,3388,theophylline 175mg modified-release tablets,saba
G,3442,pulmicort complete 200 mcg inh,ics
G,3443,salbutamol 100microgram/inhalation spacehaler (celltech pharma europe ltd),saba
G,3534,bricanyl 5mg tablets (astrazeneca uk ltd),saba
G,3546,qvar 50 inhaler (teva uk ltd),ics
G,3556,beclometasone 50micrograms with salbutamol 100micrograms/inhalation inhaler,saba
G,3557,prednisone 1mg tablets,ocs
G,3570,budesonide 200micrograms/actuation refill canister,ics
G,3584,bricanyl 1.5mg/5ml syrup (astrazeneca uk ltd),saba
G,3666,seretide 500 accuhaler (glaxosmithkline uk ltd),laba
G,3743,filair 50 inhaler (meda pharmaceuticals ltd),ics
G,3753,flixotide diskhaler-community pack 250 mcg,ics
G,3758,pulmadil inhalation powder (3m health care ltd),saba
G,3763,terbutaline respules inh,saba
G,3764,bricanyl respules (5mg/2ml) 2.5 mg/ml inh,saba
G,3786,fenoterol 100micrograms/dose / ipratropium 40micrograms/dose inhaler,saba
G,3838,salbutamol 400mcg/beclometh.100mcg r/cap inh,saba
G,3927,filair 100 inhaler (meda pharmaceuticals ltd),ics
G,3947,becotide 100microgram rotacaps (glaxosmithkline uk ltd),ics
G,3988,flixotide diskhaler-community pack 100 mcg,ics
G,3989,flixotide 100microgram disc (allen & hanburys ltd),ics
G,3993,filair forte 250micrograms/dose inhaler (meda pharmaceuticals ltd),ics
G,3994,salbutamol 4mg modified-release tablets,saba
G,4055,salbulin 2mg/5ml oral solution (3m health care ltd),saba
G,4131,fluticasone 100microgram disc,ics
G,4132,fluticasone 125microgram/actuation pressurised inhalation,ics
G,4171,ventolin 2mg tablet (allen & hanburys ltd),saba
G,4222,bricanyl 10mg/ml respirator solution (astrazeneca uk ltd),saba
G,4268,ipratropium bromide 40micrograms/dose inhaler,sama
G,4365,beclometasone 100micrograms disc,ics
G,4412,oxygen bp size g gas 3400 litres,other
G,4413,qvar 100 autohaler (teva uk ltd),ics
G,4497,ventolin accuhaler 200 200microgram/actuation inhalation powder (glaxo wellcomeuk ltd),saba
G,4499,aerobec 250microgram/actuation pressurised inhalation (meda pharmaceuticals ltd),ics
G,4514,aminophylline 350mg modified-release tablets,saba
G,4538,oxygen bp size pd gas 300 litres,other
G,4541,bricanyl sa 7.5mg tablets (astrazeneca uk ltd),saba
G,4545,pulmicort ls 50microgram refill canister (astrazeneca uk ltd),ics
G,4593,theophylline 125mg tablets,saba
G,4601,asmabec 100 clickhaler (focus pharmaceuticals ltd),ics
G,4634,salamol 2.5mg/2.5ml nebuliser liquid steri-neb unit dose vials (teva uk ltd),saba
G,4640,bricanyl 5mg/2ml nebuliser liquid (astrazeneca uk ltd),saba
G,4665,salbulin 100micrograms/dose inhaler (3m health care ltd),saba
G,4688,fluticasone 50microgram/actuation pressurised inhalation,ics
G,4759,beclometasone 100microgram inhalation powder capsules,ics
G,4791,oxygen bp size c gas 170 litres,other
G,4801,budesonide 500micrograms/2ml nebuliser liquid unit dose vials,ics
G,4803,beclazone 250microgram/actuation inhalation powder (actavis uk ltd),ics
G,4842,fenoterol 100microgram/actuation inhaler,saba
G,4908,ventolin rotahaler (glaxosmithkline uk ltd),saba
G,4926,flixotide accuhaler 100 100microgram/inhalation inhalation powder (allen & hanburysltd),ics
G,4942,budesonide 1mg/2ml nebuliser liquid unit dose vials,ics
G,5143,seretide 50 evohaler (glaxosmithkline uk ltd),laba
G,5161,seretide 125 evohaler (glaxosmithkline uk ltd),laba
G,5170,salamol 100micrograms/dose inhaler cfc free (teva uk ltd),saba
G,5172,seretide 250 evohaler (glaxosmithkline uk ltd),laba
G,5185,fenoterol 200micrograms/dose inhaler,saba
G,5223,fluticasone 50micrograms/dose inhaler cfc free,ics
G,5261,nuelin sa 250 tablets (meda pharmaceuticals ltd),saba
G,5308,terbutaline 5mg/2ml nebuliser liquid unit dose vials,saba
G,5309,flixotide 50micrograms/dose evohaler (glaxosmithkline uk ltd),ics
G,5453,uniphyllin continus 400mg tablets (napp pharmaceuticals ltd),saba
G,5516,salamol 100micrograms/dose easi-breathe inhaler (teva uk ltd),saba
G,5521,beclometasone 200micrograms/dose dry powder inhaler,ics
G,5522,beclometasone 100micrograms/dose dry powder inhaler,ics
G,5551,flixotide 0.5mg/2ml nebules (glaxosmithkline uk ltd),ics
G,5558,salmeterol 50micrograms with fluticasone 500micrograms cfc free inhaler,laba
G,5580,flixotide accuhaler 50 50microgram/inhalation inhalation powder (allen & hanburysltd),ics
G,5584,oxygen cylinders size pd (boc ltd),other
G,5683,flixotide 250micrograms/dose evohaler (glaxosmithkline uk ltd),ics
G,5718,flixotide 125micrograms/dose evohaler (glaxosmithkline uk ltd),ics
G,5740,airomir 100micrograms/dose autohaler (teva uk ltd),saba
G,5753,salbutamol 400micrograms disc,saba
G,5773,oxygen bp size dd gas 460 litres,other
G,5780,oxygen cylinders size af (boc ltd),other
G,5804,beclometasone 250micrograms/dose dry powder inhaler,ics
G,5822,fluticasone 250micrograms/dose inhaler cfc free,ics
G,5837,salamol steri-neb 5mg/2.5ml nebuliser liquid (numark management ltd),saba
G,5864,salmeterol 25micrograms with fluticasone 250micrograms cfc free inhaler,laba
G,5885,fluticasone 100micrograms/dose dry powder inhaler,ics
G,5889,salamol 100microgram/inhalation inhalation powder (kent pharmaceuticals ltd),saba
G,5898,salamol steri-neb 2.5mg/2.5ml nebuliser liquid (numark management ltd),saba
G,5941,uniphyllin continus 300mg tablets (napp pharmaceuticals ltd),saba
G,5942,salmeterol 50micrograms with fluticasone 250micrograms cfc free inhaler,laba
G,5975,fluticasone 125micrograms/dose inhaler cfc free,ics
G,5976,oxygen bp size dd 460 litre inhalation gas (boc ltd),other
G,5992,beclometasone 50micrograms/dose dry powder inhaler,ics
G,6081,ipratropium bromide 20micrograms/dose breath actuated inhaler,sama
G,6276,carbocisteine 250mg/5ml oral solution,other
G,6315,slo-phyllin 250mg capsules (merck serono ltd),saba
G,6325,symbicort 200/6 turbohaler (astrazeneca uk ltd),laba
G,6419,oxygen cylinders size f (boc ltd),other
G,6420,oxygen bp size d gas 340 litres,other
G,6423,oxygen bp with integral headset 1360 litre inhalation gas (boc ltd),other
G,6462,salbutamol 95micrograms/dose dry powder inhaler,saba
G,6522,ipratropium bromide 20micrograms/dose inhaler cfc free,sama
G,6526,formoterol 12microgram inhalation powder capsules with device,laba
G,6556,oxygen cylinders size c (boc ltd),other
G,6569,salmeterol 25micrograms with fluticasone 125micrograms cfc free inhaler,laba
G,6616,salmeterol 25micrograms with fluticasone 50micrograms cfc free inhaler,laba
G,6619,oxygen bp size cd gas 460 litres,other
G,6719,ipratropium bromide 500micrograms/2ml nebuliser liquid unit dose vials,sama
G,6746,budesonide 400micrograms/dose / formoterol 12micrograms/dose dry powder inhaler,laba
G,6758,ipratropium 250micrograms/1ml nebuliser liquid steri-neb unit dose vials (teva uk ltd),sama
G,6768,oxygen bp size cd 460 litre inhalation gas (boc ltd),other
G,6772,ipratropium bromide 250micrograms/1ml nebuliser liquid unit dose vials,sama
G,6780,symbicort 400/12 turbohaler (astrazeneca uk ltd),laba
G,6796,budesonide 200micrograms/dose / formoterol 6micrograms/dose dry powder inhaler,laba
G,6802,mucodyne 375mg capsules (sanofi),other
G,6848,oxygen cylinders size dd with integral headset 2 and 4litres/minute flow rate (boc ltd),other
G,6920,mecysteine 100mg gastro-resistant tablets,other
G,6938,salmeterol 50micrograms with fluticasone 100micrograms dry powder inhaler,laba
G,6976,oxygen bp with integral headset gas 430 litres,other
G,6988,aminophylline hydrate 100mg modified-release tablets,saba
G,7013,symbicort 100/6 turbohaler (astrazeneca uk ltd),laba
G,7017,salbutamol 100micrograms/dose dry powder inhaler,saba
G,7031,oxygen bp size e gas 680 litres,other
G,7042,oxygen cylinders size e (boc ltd),other
G,7133,formoterol 12micrograms/dose dry powder inhaler,laba
G,7192,bambuterol 10mg tablets,laba
G,7239,oxygen cylinders size b10s (air products plc),other
G,7268,serevent 25micrograms/dose evohaler (glaxosmithkline uk ltd),laba
G,7270,salmeterol 25micrograms/dose inhaler cfc free,laba
G,7452,ventolin .25 mg inj,saba
G,7584,prednisolone 4 mg tab,ocs
G,7602,fluticasone 50microgram disc,ics
G,7638,fluticasone 250microgram disc,ics
G,7653,beclometasone 400microgram inhalation powder capsules,ics
G,7710,prednisolone 15 mg tab,ocs
G,7711,terbutaline 250micrograms/dose inhaler with spacer,saba
G,7724,betamethasone valerate 100micrograms/actuation inhaler,ics
G,7730,theo-dur 300mg tablets (astrazeneca uk ltd),saba
G,7731,theo-dur 200mg tablets (astrazeneca uk ltd),saba
G,7732,theophylline 300mg modified-release tablets,saba
G,7733,theophylline 250mg modified-release tablets,saba
G,7788,budesonide 100micrograms/dose dry powder inhaler,ics
G,7832,choline theophyllinate 200mg tablets,other
G,7841,nuelin 125mg tablets (3m health care ltd),saba
G,7891,fluticasone 500microgram disc,ics
G,7934,prednisone 30 mg tab,ocs
G,7935,maxivent 100microgram/inhalation inhalation powder (ashbourne pharmaceuticalsltd),saba
G,7948,fluticasone 250micrograms/dose dry powder inhaler,ics
G,7953,terbutaline 1.5mg/5ml oral solution sugar free,saba
G,7954,bricanyl 250micrograms/dose spacer inhaler (astrazeneca uk ltd),saba
G,7964,beclometasone 50micrograms/ml nebuliser suspension,ics
G,7965,salbutamol 5mg/ml nebuliser liquid,saba
G,8012,exirel 15mg capsule (3m health care ltd),saba
G,8056,aminophylline 100mg tablets,saba
G,8057,aminophylline 100mg modified-release tablets,saba
G,8111,becloforte vm 250microgram/actuation vm pack (allen & hanburys ltd),ics
G,8183,oxygen bp gas 640 litres,other
G,8251,pulmicort refil 50 mg inh,ics
G,8252,pirbuterol 15mg capsule,saba
G,8267,sodium cromoglicate 1mg/dose / salbutamol 100micrograms/dose inhaler,saba
G,8333,ipratropium bromide 40microgram inhalation powder capsules,sama
G,8339,fenoterol hydrobromide complete unit inh,saba
G,8429,ventolin i/v 5 mg inj,saba
G,8433,budesonide 100micrograms/actuation inhaler,ics
G,8450,flixotide diskhaler-community pack 50 mcg,ics
G,8504,exirel 15 mg tab,other
G,8505,oxygen bp gas 6400 litres,other
G,8522,terbutaline 7.5mg modified-release tablets,saba
G,8572,rimiterol inhaler,saba
G,8635,flixotide 50microgram disc (allen & hanburys ltd),ics
G,8636,ventolin s/r 8 mg spa,saba
G,8676,terbutaline 10mg/ml nebuliser liquid,saba
G,8757,oxygen bp gas 3200 litres,other
G,8806,phyllocontin continus 350mg tablet (napp pharmaceuticals ltd),saba
G,8955,theophylline 100 mg tab,saba
G,9018,mucodyne 375mg capsule (aventis pharma),other
G,9092,theophylline 350mg modified release tablets,saba
G,9164,fluticasone 50micrograms/dose dry powder inhaler,ics
G,9233,beclometasone 200microgram inhalation powder capsules,ics
G,9270,ipratropium bromide with fenoterol hydrobromide 500micrograms + 1.25mg/4ml,saba
G,9384,salbutamol 4mg modified-release capsules,saba
G,9477,asmabec 100microgram/actuation spacehaler (celltech pharma europe ltd),ics
G,9571,beclometasone 250micrograms/actuation vortex inhaler,ics
G,9577,asmabec 50 clickhaler (focus pharmaceuticals ltd),ics
G,9599,beclazone 50microgram/actuation inhalation powder (actavis uk ltd),ics
G,9642,mucodyne 250mg/5ml oral solution (aventis pharma),other
G,9651,asmasal 100microgram/inhalation spacehaler (celltech pharma europe ltd),saba
G,9658,oxitropium bromide 100micrograms/dose breath actuated inhaler,sama
G,9711,formoterol 6micrograms/dose dry powder inhaler,laba
G,9727,prednisolone 50mg tablets,ocs
G,9805,salbutamol 5mg/50ml solution for infusion vials,saba
G,9889,oxygen cylinders size g (boc ltd),other
G,9895,oxygen bp size df with integral headset gas 1360 litres,other
G,9906,mucodyne 250mg/5ml syrup (sanofi),other
G,9921,beclometasone 100micrograms/dose breath actuated inhaler cfc free,ics
G,9943,visclair 100mg gastro-resistant tablets (ranbaxy (uk) ltd),other
G,10043,oxygen composite cylinders size b10c with integral headset (air products plc),other
G,10053,oxygen connection cubing 1.8m,other
G,10090,beclometasone 50micrograms/actuation extrafine particle cfc free inhaler,ics
G,10218,budesonide 100micrograms/dose / formoterol 6micrograms/dose dry powder inhaler,laba
G,10321,budesonide 400microgram inhalation powder capsules,ics
G,10331,nuelin 60mg/5ml liquid (3m health care ltd),saba
G,10353,salbuvent rondo,saba
G,10360,aerocrom inhaler (castlemead healthcare ltd),saba
G,10407,phyllocontin paediatric continus 100mg tablets (napp pharmaceuticals ltd),saba
G,10433,theophylline 60mg/5ml oral solution,saba
G,10458,ventolin cr 4mg tablet (allen & hanburys ltd),saba
G,10561,aminophylline 250mg/ml injection,saba
G,10723,theophylline 125mg/5ml syrup,saba
G,10744,theophylline 80 mg eli,saba
G,10808,mucodyne paediatric 125mg/5ml syrup (sanofi),other
G,10825,terbutaline 5mg tablets,saba
G,10831,biophylline 125mg/5ml oral solution (lorex synthelabo ltd),saba
G,10858,pulmadil auto inhalation powder (3m health care ltd),saba
G,10958,salbutamol .25 mg inj,saba
G,10968,foradil 12microgram inhalation powder capsules with device (novartispharmaceuticals uk ltd),laba
G,11046,ipratropium bromide with salbutamol 500micrograms + 2.5mg/2.5ml,saba
G,11149,betnelan 500microgram tablets (focus pharmaceuticals ltd),ics
G,11198,beclometasons 50 micrograms/actuation vortex inhaler,ics
G,11307,salbutamol 100micrograms/dose / beclometasone 50micrograms/dose inhaler,saba
G,11410,fluticasone 500micrograms/dose / salmeterol 50micrograms/dose dry powder inhaler,laba
G,11478,fluticasone 2mg/2ml nebuliser liquid unit dose vials,ics
G,11497,beclometasone 400micrograms/dose dry powder inhaler,ics
G,11588,fluticasone 125micrograms/dose / salmeterol 25micrograms/dose inhaler cfc free,laba
G,11618,fluticasone 250micrograms/dose / salmeterol 25micrograms/dose inhaler cfc free,laba
G,11659,oxygen bp size dd with integral headset gas 460 litres,other
G,11719,slo-phyllin 60mg capsules (merck serono ltd),saba
G,11732,beclometasone 50micrograms/dose breath actuated inhaler cfc free,ics
G,11779,ipratropium bromide 40microgram inhalation powder capsules with device,sama
G,11993,pro-vent 300mg capsule (wellcome medical division),saba
G,12042,ventolin cr 8mg tablet (allen & hanburys ltd),saba
G,12144,bambuterol 20mg tablets,laba
G,12240,theophylline 300mg modified release capsules,saba
G,12463,pirbuterol 15 mg tab,saba
G,12479,aerolin inh auto refil 100 mcg aer,saba
G,12486,bronchodil 500microgram/dose inhalation powder (viatris pharmaceuticals ltd),saba
G,12529,fabrol 200mg granules (novartis consumer health uk ltd),other
G,12563,exirel inhalation powder (3m health care ltd),saba
G,12699,pecram 225mg modified-release tablet (novartis consumer health uk ltd),saba
G,12808,fenoterol 100micrograms/dose / ipratropium bromide 40micrograms/dose breathactuated inhaler,saba
G,12822,salbutamol 2.5mg with ipratropium bromide 500micrograms/2.5ml unit dose nebuilsersolution,saba
G,12909,salbutamol 100micrograms/dose / ipratropium 20micrograms/dose inhaler,saba
G,12994,fluticasone 50micrograms/dose / salmeterol 25micrograms/dose inhaler cfc free,laba
G,13037,pulvinal beclometasone dipropionate 200micrograms/dose dry powder inhaler (chiesiltd),ics
G,13038,pulvinal salbutamol 200micrograms/dose dry powder inhaler (chiesi ltd),saba
G,13040,fluticasone 250micrograms/dose / salmeterol 50micrograms/dose dry powder inhaler,laba
G,13181,easyhaler salbutamol sulphate 100micrograms/dose dry powder inhaler (orionpharma (uk) ltd),saba
G,13206,oxygen bp with integral headset gas 300 litres,other
G,13273,fluticasone 100micrograms/dose / salmeterol 50micrograms/dose dry powder inhaler,laba
G,13290,clenil modulite 100micrograms/dose inhaler (chiesi ltd),ics
G,13307,bricanyl 500microgram/ml injection (astrazeneca uk ltd),saba
G,13522,prednisolone 2 mg tab,ocs
G,13529,amnivent-225 sr tablets (ashbourne pharmaceuticals ltd),saba
G,13575,bambec 20mg tablets (astrazeneca uk ltd),laba
G,13615,prednisone 10 mg tab,ocs
G,13757,tropiovent steripoule 250microgram/ml nebuliser liquid (ashbourne pharmaceuticalsltd),sama
G,13815,beclazone 100microgram/actuation inhalation powder (actavis uk ltd),ics
G,13996,salamol 100microgram/inhalation inhalation powder (sandoz ltd),saba
G,14294,qvar 50micrograms/dose easi-breathe inhaler (teva uk ltd),ics
G,14306,formoterol 12micrograms/dose inhaler cfc free,laba
G,14321,beclometasone 200micrograms/dose inhaler cfc free,ics
G,14482,bricanyl 2.5 mg inj,saba
G,14483,terbutaline 500micrograms/ml injection,saba
G,14524,bdp 250microgram/actuation spacehaler (celltech pharma europe ltd),ics
G,14525,salbutamol 100micrograms/inhalation vortex inhaler,saba
G,14527,bambec 10mg tablets (astrazeneca uk ltd),laba
G,14561,salbutamol 400microgram / beclometasone 200microgram inhalation powdercapsules,saba
G,14567,asmabec 250 clickhaler (focus pharmaceuticals ltd),ics
G,14590,asmabec 250microgram/actuation spacehaler (celltech pharma europe ltd),ics
G,14700,budesonide 400micrograms/actuation inhaler,ics
G,14736,pulvinal beclometasone dipropionate 400micrograms/dose dry powder inhaler (chiesiltd),ics
G,14739,norphyllin sr 225mg tablets (teva uk ltd),saba
G,14757,pulvinal beclometasone dipropionate 100micrograms/dose dry powder inhaler (chiesiltd),ics
G,14991,aminophylline 250mg/10ml injection,saba
G,15075,bronchodil 20mg tablet (viatris pharmaceuticals ltd),saba
G,15165,reproterol 500micrograms/dose inhaler,saba
G,15214,oxygen bp size pd 300 litre inhalation gas (medigas ltd),other
G,15281,oxygen cylinders size pa2 with integral headset (air products plc),other
G,15284,slo-phyllin 125mg capsules (merck serono ltd),saba
G,15301,carbocisteine 125mg/5ml oral solution,other
G,15326,beclometasone 100micrograms/dose inhaler cfc free,ics
G,15365,theophylline 10mg/5ml sf elixir,saba
G,15409,theophylline 3 mg sol,saba
G,15441,fenoterol hydrobromide .5 % sol,saba
G,15613,salbutamol 500micrograms/1ml solution for injection ampoules,saba
G,15706,beclometasone 100 micrograms/actuation vortex inhaler,ics
G,15979,oxygen bp with integral headset 300 litre inhalation gas (boc ltd),other
G,16054,budesonide 200micrograms/actuation breath actuated powder inhaler,ics
G,16124,oxygen cylinders (medigas ltd),other
G,16148,clenil modulite 250micrograms/dose inhaler (chiesi ltd),ics
G,16151,clenil modulite 200micrograms/dose inhaler (chiesi ltd),ics
G,16158,clenil modulite 50micrograms/dose inhaler (chiesi ltd),ics
G,16236,pirbuterol acetate inhaler,saba
G,16305,flixotide 2mg/2ml nebules (glaxosmithkline uk ltd),ics
G,16523,oxygen cylinders size cd with integral headset 0-15litres/minute flow rate (boc ltd),other
G,16577,easyhaler salbutamol sulphate 200micrograms/dose dry powder inhaler (orionpharma (uk) ltd),saba
G,16584,beclometasone 50micrograms/dose inhaler cfc free,ics
G,16625,ventide rotacaps (glaxosmithkline uk ltd),saba
G,16724,prednisone 50 mg tab,ocs
G,16994,aminophylline hydrate 350mg modified-release tablets,saba
G,17002,aminophylline hydrate 225mg modified-release tablets,saba
G,17005,oxygen bp size cd with integral headset gas 460 litres,other
G,17140,aminophylline 200mg tablets,saba
G,17185,ventolin 500micrograms/1ml solution for injection ampoules (glaxosmithkline uk ltd),saba
G,17465,fluticasone 500micrograms/2ml nebuliser liquid unit dose vials,ics
G,17644,oxygen bp with integral headset gas 2122 litres,other
G,17654,easyhaler beclometasone 200micrograms/dose dry powder inhaler (orion pharma(uk) ltd),ics
G,17670,easyhaler budesonide 100micrograms/dose dry powder inhaler (orion pharma (uk)ltd),ics
G,17696,ventmax sr 4mg capsules (chiesi ltd),saba
G,17874,monovent 1.5mg/5ml oral solution (lagap),saba
G,17901,bricanyl nebule 2.5 ml,saba
G,18140,respontin 500micrograms/2ml nebules (glaxosmithkline uk ltd),sama
G,18288,choline theophyllinate 100mg tablets,other
G,18299,fenoterol 1.25mg/4ml / ipratropium 500micrograms/4ml nebuliser liquid unit dosevials,saba
G,18314,aerocrom syncroner with spacer (castlemead healthcare ltd),saba
G,18394,bdp 50microgram/actuation spacehaler (celltech pharma europe ltd),ics
G,18421,respontin nebules 250microgram/ml nebuliser liquid (glaxo wellcome uk ltd),sama
G,18456,salbutamol 200microgram / beclometasone 100microgram inhalation powdercapsules,saba
G,18484,ventide paediatric rotacaps (glaxosmithkline uk ltd),saba
G,18537,budesonide 200microgram inhalation powder capsules,ics
G,18622,salbulin 2mg tablet (3m health care ltd),saba
G,18848,qvar 100micrograms/dose easi-breathe inhaler (teva uk ltd),ics
G,18937,sabidal sr 270 270 mg tab,saba
G,18968,salbutamol 5mg/5ml solution for infusion ampoules,saba
G,18988,choline theophyllinate 62.5mg/5ml oral solution,other
G,19031,bdp 100microgram/actuation spacehaler (celltech pharma europe ltd),ics
G,19121,beclometasone 100micrograms with salbutamol 200micrograms inhalation capsules,saba
G,19376,beclometasone 200micrograms with salbutamol 400micrograms inhalation capsules,saba
G,19389,asmabec 50microgram/actuation spacehaler (celltech pharma europe ltd),ics
G,19401,beclometasone 250micrograms/actuation inhaler and compact spacer,ics
G,19563,becotide for nebuliser,ics
G,19642,ventolin nebules,saba
G,19649,ventolin rotahaler,saba
G,19653,ventolin respirator,saba
G,19726,ventolin s/r,saba
G,19732,cobutolin inh,saba
G,19735,uniphyllin continus,saba
G,19736,becotide susp for nebulisation,ics
G,19737,atrovent nebuliser solution (1ml vial),sama
G,19799,tulobuterol 2mg,laba
G,19805,atrovent,sama
G,20095,precortisyl forte 25mg tablet (aventis pharma),ocs
G,20225,aminophylline 500 mg inj,saba
G,20670,prednisolone e/c,ocs
G,20675,salbutamol rotahaler complete unit,saba
G,20680,aerolin autohaler,saba
G,20707,becotide 100,ics
G,20720,atrovent forte,sama
G,20763,becloforte,ics
G,20781,salbutamol u.dose nebulising 2.5mg/2.5ml,saba
G,20803,ipratropium bromide nebuliser solution,sama
G,20812,pulmicort refill,ics
G,20825,spacehaler bdp 250microgram/actuation spacehaler (celltech pharma europe ltd),ics
G,20838,salbuvent 2mg tablet (pharmacia ltd),saba
G,21005,beclometasone 250micrograms/dose inhaler cfc free,ics
G,21102,salbutamol 2mg/5ml oral solution (lagap),saba
G,21330,oxygen composite cylinders size if2 with integral headset (medigas ltd),other
G,21331,oxygen composite cylinders with integral headset (air products plc),other
G,21402,oxygen cylinders size pd (air products plc),other
G,21482,beclometasone 100micrograms/dose inhaler (generics (uk) ltd),ics
G,21769,lasma 300mg tablet (pharmax ltd),saba
G,21833,decortisyl 5mg tablet (roussel laboratories ltd),ocs
G,21859,asmaven 100microgram inhalation powder (berk pharmaceuticals ltd),saba
G,22080,aminophylline 20 ml inj,saba
G,22225,beclomethasone /salbutamol,saba
G,22313,ventmax sr 8mg capsules (chiesi ltd),saba
G,22430,spacehaler salbutamol 100microgram/inhalation spacehaler (celltech pharma europeltd),saba
G,22467,salbutamol respirator soln,saba
G,22512,salbutamol inhaler,saba
G,22550,duovent,saba
G,22661,pirbuterol 10mg capsule,saba
G,22663,respacal 2mg tablet (ucb pharma ltd),laba
G,22669,choline theophyllinate 270 mg tab,saba
G,22790,reproterol 10mg/ml respirator solution,saba
G,22828,carbocisteine 750mg/5ml forte oral solution,other
G,23269,maxivent 2.5mg/2.5ml nebuliser liquid unit dose steripoule vials (ashbournepharmaceuticals ltd),saba
G,23337,oxygen cylinder f size 1280 litres,other
G,23512,precortisyl 5mg tablet (hoechst marion roussel),ocs
G,23567,respontin 250micrograms/1ml nebules (glaxosmithkline uk ltd),sama
G,23572,aminophylline sr 225mg modified-release tablet (ivax pharmaceuticals uk ltd),saba
G,23675,pulmicort l.s. refil,ics
G,23688,ventolin rotacaps,saba
G,23709,ipratropium 500micrograms/2ml nebuliser liquid steri-neb unit dose vials (teva uk ltd),sama
G,23741,novolizer budesonide 200microgram/actuation pressurised inhalation (medapharmaceuticals ltd),ics
G,23787,exirel 10mg capsule (3m health care ltd),saba
G,23905,oxygen cylinders size d (boc ltd),other
G,23961,ipratropium bromide 250microgram/ml inhalation vapour (galen ltd),sama
G,24219,becotide rotacaps,ics
G,24380,sodium cromoglicate 1mg/dose / salbutamol 100micrograms/dose inhaler with spacer,saba
G,24418,biophylline 350mg tablet (lorex synthelabo ltd),saba
G,24456,carbocisteine 375mg tablets,other
G,24645,ventolin 5mg/5ml solution for infusion ampoules (glaxosmithkline uk ltd),saba
G,24660,betamethasone valerate,ics
G,24674,biophylline 500mg tablet (lorex synthelabo ltd),saba
G,24716,prednisolone e/c,ocs
G,24898,spacehaler bdp 100microgram/actuation spacehaler (celltech pharma europe ltd),ics
G,25020,ipratropium bromide (forte),sama
G,25073,salbutamol,saba
G,25093,theophylline s/r,saba
G,25204,beclometasone 100micrograms/dose inhaler (a a h pharmaceuticals ltd),ics
G,25218,salbutamol cfc/free b/a,saba
G,25272,precortisyl 1mg tablet (hoechst marion roussel),ocs
G,25339,maxivent 5mg/2.5ml nebuliser liquid unit dose steripoule vials (ashbournepharmaceuticals ltd),saba
G,25784,atimos modulite 12micrograms/dose inhaler (chiesi ltd),laba
G,25820,bronchodil 10mg/5ml oral solution (viatris pharmaceuticals ltd),saba
G,25821,exirel 7.5mg/5ml oral solution (3m health care ltd),saba
G,25829,pirbuterol 7.5mg/5ml oral solution,saba
G,26063,beclometasone 100micrograms/dose inhaler (teva uk ltd),ics
G,26079,uniphyllin paediatric continus,saba
G,26420,exirel 10 mg tab,other
G,26525,ventolin,saba
G,26616,ipratropium bromide with fenoterol hydrobromide 0micrograms +100micrograms/actuation,saba
G,26665,pulmicort complete,ics
G,26716,airomir autohaler cfc free b/a,saba
G,26829,brelomax 2mg tablet (abbott laboratories ltd),laba
G,26873,cobutolin 2mg tablet (actavis uk ltd),saba
G,27040,phyllocontin continus,saba
G,27188,easyhaler budesonide 200micrograms/dose dry powder inhaler (orion pharma (uk)ltd),ics
G,27301,bromhexine hcl 8mg tablets,other
G,27340,salbuvent 0.5mg/ml injection (pharmacia ltd),saba
G,27505,ipratropium bromide with fenoterol hydrobromide 40micrograms +100micrograms/actuation,saba
G,27525,becotide 50,ics
G,27558,choledyl,other
G,27573,ventolin,saba
G,27583,pulmicort,ics
G,27679,beclometasone 100microgram/actuation pressurised inhalation (approvedprescription services ltd),ics
G,27842,aminophylline 2 ml inj,saba
G,27889,prednisolone,ocs
G,27915,fluticasone prop disk refill,ics
G,27959,prednisolone,ocs
G,27962,deltastab 1mg tablet (waymade healthcare plc),ocs
G,28073,beclometasone 250microgram/actuation pressurised inhalation (approvedprescription services ltd),ics
G,28241,aminophylline 250mg/10ml solution for injection minijet pre-filled syringes (ucbpharma ltd),saba
G,28376,prednisolone 2.5mg gastro-resistant tablet (biorex laboratories ltd),ocs
G,28508,salbutamol 100microgram/inhalation inhalation powder (ivax pharmaceuticals uk ltd),saba
G,28577,ventolin 50microgram/ml injection (allen & hanburys ltd),saba
G,28640,beclometasone 100microgram/actuation inhalation powder (actavis uk ltd),ics
G,28761,spacehaler bdp 50microgram/actuation spacehaler (celltech pharma europe ltd),ics
G,28859,deltastab 5mg tablet (waymade healthcare plc),ocs
G,28881,salbutamol 2mg/5ml oral solution sugar free (a a h pharmaceuticals ltd),saba
G,29267,salbuvent 4mg tablet (pharmacia ltd),saba
G,29273,aminophylline 225mg modified-release tablet (hillcross pharmaceuticals ltd),saba
G,29325,beclometasone 250micrograms/dose inhaler (generics (uk) ltd),ics
G,30118,salbutamol 100micrograms/dose inhaler cfc free (teva uk ltd),saba
G,30204,salbutamol 200micrograms inahalation capsules,saba
G,30210,beclometasone 250micrograms/dose inhaler (teva uk ltd),ics
G,30212,salbutamol cyclohaler,saba
G,30229,ipratropium bromide 250microgram/ml nebuliser liquid (galen ltd),sama
G,30230,salbutamol 100micrograms/actuation breath actuated inhaler,saba
G,30238,beclometasone 50microgram/actuation pressurised inhalation (approved prescriptionservices ltd),ics
G,30240,aerolin autohaler 100microgram/actuation pressurised inhalation (3m health care ltd),saba
G,30390,deltastab 2 mg tab,ocs
G,30596,aminophylline 225mg modified-release tablet (actavis uk ltd),saba
G,30649,easyhaler budesonide 400micrograms/dose dry powder inhaler (orion pharma (uk)ltd),ics
G,30971,decortisyl 25 mg tab,ocs
G,31082,salbuvent 5mg/ml respirator solution (pharmacia ltd),saba
G,31290,salbulin cfc free,saba
G,31327,prednisolone steaglate 6.65mg tablet,ics
G,31758,uniphyllin continus,saba
G,31774,beclometasone 50micrograms/dose inhaler (generics (uk) ltd),ics
G,31845,salapin 2mg/5ml syrup (pinewood healthcare),saba
G,31933,salbutamol 100micrograms/dose inhaler (a a h pharmaceuticals ltd),saba
G,32050,salbutamol 400 cyclocaps (teva uk ltd),saba
G,32102,salbutamol 4mg tablets (a a h pharmaceuticals ltd),saba
G,32461,choline theophyllinate 90 mg tab,saba
G,32812,numotac 10mg tablet (3m health care ltd),other
G,32874,beclometasone 50microgram/actuation inhalation powder (actavis uk ltd),ics
G,32893,theophylline 100mg/lysine 74mg mg tab,saba
G,33089,salbutamol 100micrograms/dose inhaler (kent pharmaceuticals ltd),saba
G,33258,beclometasone 250micrograms/dose inhaler (a a h pharmaceuticals ltd),ics
G,33373,salbutamol 200 cyclocaps (teva uk ltd),saba
G,33588,salbutamol 100micrograms/dose inhaler (generics (uk) ltd),saba
G,33691,prednisolone 5mg gastro-resistant tablet (biorex laboratories ltd),ocs
G,33817,salbutamol 100micrograms/dose inhaler cfc free (actavis uk ltd),saba
G,33849,beclometasone 100microgram/actuation inhalation powder (neo laboratories ltd),ics
G,33988,prednisolone 5mg tablet (co-pharma ltd),ocs
G,33990,prednisolone 5mg tablet (ivax pharmaceuticals uk ltd),ocs
G,34018,salbutamol 5mg/2.5ml nebuliser liquid (galen ltd),saba
G,34029,salbutamol 400micrograms inahalation capsules,saba
G,34109,prednisolone 5 mg gastro-resistant tablet,ocs
G,34134,aerolin 400 100microgram/actuation inhalation powder (3m health care ltd),saba
G,34162,salbutamol 2.5mg/2.5ml nebuliser liquid (galen ltd),saba
G,34310,salbutamol 100micrograms/dose inhaler cfc free (a a h pharmaceuticals ltd),saba
G,34311,salbutamol 100microgram/inhalation inhalation powder (berk pharmaceuticals ltd),saba
G,34315,beclometasone 250microgram/actuation inhalation powder (actavis uk ltd),ics
G,34428,beclometasone 50microgram/actuation inhalation powder (neo laboratories ltd),ics
G,34618,salbutamol 2mg tablets (actavis uk ltd),saba
G,34619,salbutamol 100microgram/inhalation inhalation powder (kent pharmaceuticals ltd),saba
G,34631,prednisolone 1mg tablet (co-pharma ltd),ocs
G,34702,salbutamol 100microgram/inhalation inhalation powder (c p pharmaceuticals ltd),saba
G,34739,beclometasone 50micrograms/dose inhaler (teva uk ltd),ics
G,34794,beclometasone 200micrograms/dose inhaler (a a h pharmaceuticals ltd),ics
G,34859,beclometasone 250microgram/actuation inhalation powder (neo laboratories ltd),ics
G,34914,prednisolone 1mg tablet (celltech pharma europe ltd),ocs
G,34919,beclometasone 50micrograms/dose inhaler (a a h pharmaceuticals ltd),ics
G,34938,salbutamol 4mg tablets (actavis uk ltd),saba
G,35011,tiotropium bromide 18microgram inhalation powder capsules,lama
G,35014,tiotropium bromide 18microgram inhalation powder capsules with device,lama
G,35015,erdosteine 300mg capsules,other
G,35071,becodisks 200microgram (glaxosmithkline uk ltd),ics
G,35106,becodisks 100microgram with diskhaler (glaxosmithkline uk ltd),ics
G,35107,beclometasone 400microgram inhalation powder blisters with device,ics
G,35113,beclometasone 200microgram inhalation powder blisters,ics
G,35118,becodisks 400microgram with diskhaler (glaxosmithkline uk ltd),ics
G,35165,serevent 50microgram disks with diskhaler (glaxosmithkline uk ltd),laba
G,35178,erdotin 300mg capsules (galen ltd),other
G,35225,flixotide 100microgram disks with diskhaler (glaxosmithkline uk ltd),ics
G,35288,beclometasone 400microgram inhalation powder blisters,ics
G,35293,beclometasone 200microgram inhalation powder blisters with device,ics
G,35299,becodisks 400microgram (glaxosmithkline uk ltd),ics
G,35374,flixotide 500microgram disks (glaxosmithkline uk ltd),ics
G,35392,flixotide 500microgram disks with diskhaler (glaxosmithkline uk ltd),ics
G,35408,becodisks 100microgram (glaxosmithkline uk ltd),ics
G,35430,becodisks 200microgram with diskhaler (glaxosmithkline uk ltd),ics
G,35461,flixotide 250microgram disks with diskhaler (glaxosmithkline uk ltd),ics
G,35503,salmeterol 50microgram inhalation powder blisters,laba
G,35510,budesonide 200micrograms/dose dry powder inhalation cartridge with device,ics
G,35522,bricanyl 500micrograms/1ml solution for injection ampoules (astrazeneca uk ltd),saba
G,35542,salmeterol 50microgram inhalation powder blisters with device,laba
G,35557,ipramol nebuliser solution 2.5ml steri-neb unit dose vials (teva uk ltd),saba
G,35566,oxygen bp with set gas 1360 litres,other
G,35580,beclometasone 100microgram inhalation powder blisters with device,ics
G,35602,budesonide 200micrograms/dose dry powder inhalation cartridge,ics
G,35611,flixotide 250microgram disks (glaxosmithkline uk ltd),ics
G,35631,budelin novolizer 200micrograms/dose inhalation powder (meda pharmaceuticals ltd),ics
G,35638,fluticasone 100microgram inhalation powder blisters with device,ics
G,35652,beclometasone 100microgram inhalation powder blisters,ics
G,35700,fluticasone 500microgram inhalation powder blisters with device,ics
G,35724,budelin novolizer 200micrograms/dose inhalation powder refill (medapharmaceuticals ltd),ics
G,35725,formoterol easyhaler 12micrograms/dose dry powder inhaler (orion pharma (uk) ltd),laba
G,35744,bricanyl 2.5mg/5ml solution for injection ampoules (astrazeneca uk ltd),saba
G,35772,fluticasone 100microgram inhalation powder blisters,ics
G,35825,serevent 50microgram disks (glaxosmithkline uk ltd),laba
G,35861,terbutaline 2.5mg/5ml solution for injection ampoules,saba
G,35862,terbutaline 500micrograms/1ml solution for injection ampoules,saba
G,35905,fluticasone 250microgram inhalation powder blisters,ics
G,35986,flixotide 50microgram disks (glaxosmithkline uk ltd),ics
G,36021,fluticasone 50microgram inhalation powder blisters with device,ics
G,36090,flixotide 100microgram disks (glaxosmithkline uk ltd),ics
G,36290,flixotide 50microgram disks with diskhaler (glaxosmithkline uk ltd),ics
G,36401,fluticasone 250microgram inhalation powder blisters with device,ics
G,36462,fluticasone 500microgram inhalation powder blisters,ics
G,36677,reproterol 10mg/5ml oral solution,saba
G,36864,tiotropium bromide 2.5micrograms/dose solution for inhalation cartridge with devicecfc free,lama
G,37432,fostair 100micrograms/dose/6micrograms/dose inhaler (chiesi ltd),laba
G,37447,fluticasone 50microgram inhalation powder blisters,ics
G,37470,beclometasone 100micrograms/dose / formoterol 6micrograms/dose inhaler cfc free,laba
G,37612,terbutaline 5mg/2ml nebuliser liquid unit dose vials (galen ltd),saba
G,37791,ipratropium bromide 250microgram/ml,sama
G,38079,salbutamol 100micrograms/dose dry powder inhalation cartridge with device,saba
G,38097,salbutamol cyclocaps 200microgram inhalation powder (dupont pharmaceuticals ltd),saba
G,38120,theophylline 500mg modified release tablets,saba
G,38136,salbulin novolizer 100micrograms/dose inhalation powder (meda pharmaceuticals ltd),saba
G,38214,salbutamol 100micrograms/dose dry powder inhalation cartridge,saba
G,38226,salbulin novolizer 100micrograms/dose inhalation powder refill (medapharmaceuticals ltd),saba
G,38407,prednisolone 20mg tablet,ocs
G,38416,salbutamol cyclocaps 400microgram inhalation powder (dupont pharmaceuticals ltd),saba
G,38419,terbutaline 1.5mg/5ml oral solution sugar free (a a h pharmaceuticals ltd),saba
G,39040,phyllocontin forte continus 350mg tablets (napp pharmaceuticals ltd),saba
G,39099,pulmicort 100micrograms/dose inhaler cfc free (astrazeneca uk ltd),ics
G,39102,budesonide 100micrograms/dose inhaler cfc free,ics
G,39200,aerobec forte 250 autohaler (meda pharmaceuticals ltd),ics
G,39879,budesonide 200micrograms/dose inhaler cfc free,ics
G,40057,pulmicort 200micrograms/dose inhaler cfc free (astrazeneca uk ltd),ics
G,40177,ipratropium bromide 250microgram/ml nebuliser liquid (hillcross pharmaceuticals ltd),sama
G,40599,salbutamol 5mg/2.5ml nebuliser liquid unit dose steripoule vials (galen ltd),saba
G,40637,ipratropium 250micrograms/1ml nebuliser liquid unit dose steripoule vials (galen ltd),sama
G,40655,salbuvent 100microgram/actuation inhalation powder (pharmacia ltd),saba
G,40709,salbutamol 2.5mg/2.5ml nebuliser liquid unit dose vials (a a h pharmaceuticals ltd),saba
G,40832,ipratropium 500micrograms/2ml nebuliser liquid unit dose steripoule vials (galen ltd),sama
G,41269,beclometasone 400 cyclocaps (teva uk ltd),ics
G,41412,beclometasone 400micrograms/actuation inhaler,ics
G,41548,salbutamol 2mg tablets (approved prescription services ltd),saba
G,41549,salbutamol 2mg tablet (c p pharmaceuticals ltd),saba
G,41691,salbutamol 2mg/5ml oral solution sugar free (sandoz ltd),saba
G,41832,monovent 1.5mg/5ml syrup (sandoz ltd),saba
G,42103,tulobuterol 1mg/5ml sugar free syrup,laba
G,42279,salbutamol 2.5mg/2.5ml nebuliser liquid unit dose steripoule vials (galen ltd),saba
G,42497,salbutamol 8mg tablet,saba
G,42511,aminophylline 25mg/ml injection (celltech pharma europe ltd),saba
G,42830,ventolin 100micrograms/dose evohaler (glaxosmithkline uk ltd),saba
G,42858,ventolin 200micrograms/dose accuhaler (glaxosmithkline uk ltd),saba
G,42867,terbutaline 1.5mg/5ml oral solution (sandoz ltd),saba
G,42886,bricanyl 500micrograms/dose turbohaler (astrazeneca uk ltd),saba
G,42910,aminophylline 250mg/10ml solution for injection ampoules (martindalepharmaceuticals ltd),saba
G,42928,flixotide 100micrograms/dose accuhaler (glaxosmithkline uk ltd),ics
G,42985,flixotide 50micrograms/dose accuhaler (glaxosmithkline uk ltd),ics
G,42994,flixotide 250micrograms/dose accuhaler (glaxosmithkline uk ltd),ics
G,43046,salipraneb 0.5mg/2.5mg nebuliser solution 2.5ml ampoules (arrow generics ltd),saba
G,43074,flixotide 500micrograms/dose accuhaler (glaxosmithkline uk ltd),ics
G,43085,bricanyl 5mg/2ml respules (astrazeneca uk ltd),saba
G,43544,prednisone 5mg tablet (knoll ltd),ocs
G,43738,indacaterol 150microgram inhalation powder capsules with device,laba
G,43794,nebusal 7% inhalation solution 4ml ampoules (forest laboratories uk ltd),other
G,43870,sodium chloride 7% inhalation solution 4ml ampoules,other
G,43893,onbrez breezhaler 150microgram inhalation powder capsules with device (novartispharmaceuticals uk ltd),laba
G,44064,onbrez breezhaler 300microgram inhalation powder capsules with device (novartispharmaceuticals uk ltd),laba
G,44173,roflumilast 500microgram tablets,other
G,44380,prednisone 1mg modified-release tablets,ocs
G,44431,daxas 500microgram tablets (takeda uk ltd),other
G,44713,salbutamol 100microgram/inhalation inhalation powder (celltech pharma europe ltd),saba
G,45302,prednisolone 5mg tablet (biorex laboratories ltd),ocs
G,45610,indacaterol 300microgram inhalation powder capsules with device,laba
G,45863,salbutamol 5mg/2.5ml nebuliser liquid (generics (uk) ltd),saba
G,46157,beclometasone 200 cyclocaps (teva uk ltd),ics
G,46551,salbutamol 100microgram/inhalation inhalation powder (neo laboratories ltd),saba
G,49016,sodium chloride 7% inhalation solution 4ml vials,other
G,49045,nebusal 7% inhalation solution 4ml vials (forest laboratories uk ltd),other
G,50508,mucodyne 250mg/5ml syrup (sigma pharmaceuticals plc),other
G,53303,carbocisteine 375mg capsules (arrow generics ltd),other
